"include","gs_name","gs_cat","gs_subcat","n_genes","matched_whitelist_pattern","gs_description","notes"
TRUE,"KEGG_APOPTOSIS","C2","CP:KEGG_LEGACY",87,"APOPTOS","Apoptosis",""
TRUE,"KEGG_BASE_EXCISION_REPAIR","C2","CP:KEGG_LEGACY",35,"REPAIR","Base excision repair",""
TRUE,"KEGG_CELL_CYCLE","C2","CP:KEGG_LEGACY",125,"CELL_CYCLE","Cell cycle",""
TRUE,"KEGG_ERBB_SIGNALING_PATHWAY","C2","CP:KEGG_LEGACY",87,"ERBB; RB","ErbB signaling pathway",""
TRUE,"KEGG_GLYCOLYSIS_GLUCONEOGENESIS","C2","CP:KEGG_LEGACY",62,"GLYCOLYSIS","Glycolysis / Gluconeogenesis",""
TRUE,"KEGG_GLYOXYLATE_AND_DICARBOXYLATE_METABOLISM","C2","CP:KEGG_LEGACY",16,"RB","Glyoxylate and dicarboxylate metabolism",""
TRUE,"KEGG_HEDGEHOG_SIGNALING_PATHWAY","C2","CP:KEGG_LEGACY",56,"HEDGEHOG","Hedgehog signaling pathway",""
TRUE,"KEGG_MISMATCH_REPAIR","C2","CP:KEGG_LEGACY",23,"REPAIR","Mismatch repair",""
TRUE,"KEGG_MTOR_SIGNALING_PATHWAY","C2","CP:KEGG_LEGACY",52,"MTOR","mTOR signaling pathway",""
TRUE,"KEGG_NUCLEOTIDE_EXCISION_REPAIR","C2","CP:KEGG_LEGACY",44,"REPAIR","Nucleotide excision repair",""
TRUE,"KEGG_REGULATION_OF_AUTOPHAGY","C2","CP:KEGG_LEGACY",35,"AUTOPHAG","Regulation of autophagy",""
TRUE,"KEGG_WNT_SIGNALING_PATHWAY","C2","CP:KEGG_LEGACY",151,"WNT","Wnt signaling pathway",""
TRUE,"KEGG_MEDICUS_ENV_FACTOR_E2_TO_RAS_ERK_SIGNALING_PATHWAY","C2","CP:KEGG_MEDICUS",16,"ERK; RAS","Pathway Definition from KEGG: E2 -> ESR1/2 -> SRC -> RAS -> RAF -> MEK -> ERK -> (ESR1/2,AP1) => CHRNA9",""
TRUE,"KEGG_MEDICUS_ENV_FACTOR_METALS_TO_RAS_ERK_SIGNALING_PATHWAY","C2","CP:KEGG_MEDICUS",12,"ERK; RAS","Pathway Definition from KEGG: Metals -> ROS -> RAS -> RAF -> MEK -> ERK -> AP1",""
TRUE,"KEGG_MEDICUS_REFERENCE_ACH_CHRN_RAS_ERK_SIGNALING_PATHWAY","C2","CP:KEGG_MEDICUS",21,"ERK; RAS","Pathway Definition from KEGG: ACh -> CHRNA7 -> Ca2+ -> RAS -> RAF -> MEK -> ERK -> CREB",""
TRUE,"KEGG_MEDICUS_REFERENCE_ADRB3_UCP1_SIGNALING_PATHWAY","C2","CP:KEGG_MEDICUS",35,"RB","Pathway Definition from KEGG: ADRB3 -> GNAS -> ADCY -> cAMP -> PKA -> JMD1A+SWI/SNF+PPARG => UCP1",""
TRUE,"KEGG_MEDICUS_REFERENCE_AREG_EGFR_PI3K_SIGNALING_PATHWAY","C2","CP:KEGG_MEDICUS",11,"EGFR; PI3K","Pathway Definition from KEGG: AREG -> EGFR -> PI3K -> PIP3 -> AKT -> MTOR -> S6K",""
TRUE,"KEGG_MEDICUS_REFERENCE_AREG_EGFR_RAS_ERK_SIGNALING_PATHWAY","C2","CP:KEGG_MEDICUS",15,"EGFR; ERK; RAS","Pathway Definition from KEGG: AREG -> EGFR -> GRB2 -> SOS -> RAS -> RAF -> MEK -> ERK",""
TRUE,"KEGG_MEDICUS_REFERENCE_ATR_SIGNALING","C2","CP:KEGG_MEDICUS",12,"ATR","Pathway Definition from KEGG: RPA == RAD17+9-1-1 == TOPBP1 == ATR+ATRIP -> CHEK1",""
TRUE,"KEGG_MEDICUS_REFERENCE_AUTOPHAGY_VESICLE_NUCLEATION_ELONGATION_MATURATION_LC3_II_FORMATION","C2","CP:KEGG_MEDICUS",13,"AUTOPHAG","Pathway Definition from KEGG: LC3 -- ATG4 >> ATG7 >> ATG3 >> (ATG12+ATG5+ATG16L1) -> LC3-II",""
TRUE,"KEGG_MEDICUS_REFERENCE_AUTOPHAGY_VESICLE_NUCLEATION_ELONGATION_MATURATION_MTORC1_PI3KC3_C1","C2","CP:KEGG_MEDICUS",16,"AUTOPHAG; PI3K; MTOR","Pathway Definition from KEGG: mTORC1 -> ULK1_complex -> PI3KC3-C1",""
TRUE,"KEGG_MEDICUS_REFERENCE_AUTOPHAGY_VESICLE_NUCLEATION_ELONGATION_MATURATION_PI3P_SYNTHESIS_BY_PI3KC3_C1","C2","CP:KEGG_MEDICUS",10,"AUTOPHAG; PI3K","Pathway Definition from KEGG: PI -- PI3KC3-C1 -> PI3P -> (WIPI,ZFYVE1)",""
TRUE,"KEGG_MEDICUS_REFERENCE_AUTOPHAGY_VESICLE_NUCLEATION_ELONGATION_MATURATION_SEQUESTOSOME_1_LIKE_RECEPTOR","C2","CP:KEGG_MEDICUS",14,"AUTOPHAG","Pathway Definition from KEGG: Ubiquitinated_protein == (SQSTM1,NBR1,OPTN,CALCOCO2,TAX1BP1,WDFY3) == LC3-II",""
TRUE,"KEGG_MEDICUS_REFERENCE_BCR_BCAP_CD19_PI3K_SIGNALING_PATHWAY","C2","CP:KEGG_MEDICUS",15,"PI3K","Pathway Definition from KEGG: IGH -> (LYN,SYK) -> (PIK3AP1,(CD19+CD21+CD81+IFITM1)) -> PI3Kdelta -> PIP3 -> AKT",""
TRUE,"KEGG_MEDICUS_REFERENCE_CA2_PYK2_RAS_ERK_SIGNALING_PATHWAY","C2","CP:KEGG_MEDICUS",15,"ERK; RAS","Pathway Definition from KEGG: Ca2+ -> PTK2B -> SRC -> GRB2 -> SOS -> RAS -> RAF -> MEK -> ERK",""
TRUE,"KEGG_MEDICUS_REFERENCE_CCR2_GNB_G_PI3K_NFKB_SIGNALING_PATHWAY","C2","CP:KEGG_MEDICUS",31,"PI3K","Pathway Definition from KEGG: CCL2 -> CCR2 -> GNB/G -> PI3K -> PIP3 -> AKT -> IKK -> NFKBIA -> NFKB",""
TRUE,"KEGG_MEDICUS_REFERENCE_CCR_CXCR_GNB_G_PI3K_RAC_SIGNALING_PATHWAY","C2","CP:KEGG_MEDICUS",31,"PI3K","Pathway Definition from KEGG: (CC,CXC) -> (CCR,CXCR) -> GNB/G -> PI3Kgamma -> PREX1 -> RAC1",""
TRUE,"KEGG_MEDICUS_REFERENCE_CD80_CD86_CD28_PI3K_SIGNALING_PATHWAY","C2","CP:KEGG_MEDICUS",10,"PI3K","Pathway Definition from KEGG: (CD80,CD86) -> CD28 -> PI3K -> PIP3 -> AKT -| GSK3B",""
TRUE,"KEGG_MEDICUS_REFERENCE_CDC25_CELL_CYCLE_G2_M","C2","CP:KEGG_MEDICUS",10,"CELL_CYCLE","Pathway Definition from KEGG: (ATM,ATR) -> CHEK1/2 -| CDC25B/C -> (CCNB+CDK1)",""
TRUE,"KEGG_MEDICUS_REFERENCE_CITRATE_CYCLE_SECOND_CARBON_OXIDATION_2","C2","CP:KEGG_MEDICUS",10,"RB","Pathway Definition from KEGG: SucCoA -- SUCL >> SDH >> FH >> MDH1/2 -> OA",""
TRUE,"KEGG_MEDICUS_REFERENCE_CXCL12_CXCR4_PKC_ERK_SIGNALING_PATHAWAY","C2","CP:KEGG_MEDICUS",19,"ERK","Pathway Definition from KEGG: CXCL12 -> CXCR4 -> GNAQ -> (PLCB,PLCG) -> IP3 -> Ca2+ -> PKC -> RAF -> MEK -> ERK",""
TRUE,"KEGG_MEDICUS_REFERENCE_CXCR4_GNAI_PI3K_BAD_SIGNALING_PATHWAY","C2","CP:KEGG_MEDICUS",12,"PI3K","Pathway Definition from KEGG: CXCL12 -> CXCR4 -> GNAI -> PI3K -> PIP3 -> AKT -| BAD",""
TRUE,"KEGG_MEDICUS_REFERENCE_CXCR_GNB_G_ERK_SIGNALING_PATHWAY","C2","CP:KEGG_MEDICUS",27,"ERK","Pathway Definition from KEGG: CXCL8 -> CXCR2 -> GNB/G -> RAS -> RAF1 -> MEK -> ERK",""
TRUE,"KEGG_MEDICUS_REFERENCE_CXCR_GNB_G_PI3K_AKT_SIGNALING_PATHWAY","C2","CP:KEGG_MEDICUS",26,"PI3K; AKT","Pathway Definition from KEGG: CXCL8 -> CXCR2 -> GNB/G -> PI3Kgamma -> PIP3 -> AKT -> MTOR",""
TRUE,"KEGG_MEDICUS_REFERENCE_E2_ER_RAS_ERK_SIGNALING_PATHWAY","C2","CP:KEGG_MEDICUS",23,"ERK; RAS","Pathway Definition from KEGG: E2 -> ESR1/2 -> SRC -> RAS -> RAF -> MEK -> ERK -> CREB",""
TRUE,"KEGG_MEDICUS_REFERENCE_EGF_EGFR_ACTIN_SIGNALING_PATHWAY","C2","CP:KEGG_MEDICUS",21,"EGFR","Pathway Definition from KEGG: EGF -> EGFR -> SRC -> CTTN -> NCK -> (WASL+WIPF) -> ARP2/3 -> (ACTB,ACTG1)",""
TRUE,"KEGG_MEDICUS_REFERENCE_EGF_EGFR_PI3K_NFKB_SIGNALING_PATHWAY","C2","CP:KEGG_MEDICUS",14,"EGFR; PI3K","Pathway Definition from KEGG: EGF -> EGFR -> PI3K -> PIP3 -> AKT -> IKK -> NFKBIA -> NFKB",""
TRUE,"KEGG_MEDICUS_REFERENCE_EGF_EGFR_PLCG_CALCINEURIN_SIGNALING_PATHWAY","C2","CP:KEGG_MEDICUS",16,"EGFR","Pathway Definition from KEGG: EGF -> EGFR -> PLCG -> IP3 -> Ca2+ -> CALM == CN -> NFAT",""
TRUE,"KEGG_MEDICUS_REFERENCE_EGF_EGFR_PLCG_CAMK_SIGNALING_PATHWAY","C2","CP:KEGG_MEDICUS",15,"EGFR","Pathway Definition from KEGG: EGF -> EGFR -> PLCG -> IP3 -> Ca2+ -> CALM == CAMK",""
TRUE,"KEGG_MEDICUS_REFERENCE_EGF_EGFR_PLCG_ERK_SIGNALING_PATHWAY","C2","CP:KEGG_MEDICUS",15,"EGFR; ERK","Pathway Definition from KEGG: EGF -> EGFR -> PLCG -> IP3 -> (Ca2+,DAG) -> PKC -> RAF -> MEK -> ERK -> CCND1",""
TRUE,"KEGG_MEDICUS_REFERENCE_EGF_EGFR_RAS_ERK_SIGNALING_PATHWAY","C2","CP:KEGG_MEDICUS",16,"EGFR; ERK; RAS","Pathway Definition from KEGG: EGF -> EGFR -> GRB2 -> SOS -> RAS -> RAF -> MEK -> ERK -> CCND1",""
TRUE,"KEGG_MEDICUS_REFERENCE_EGF_EGFR_RAS_PI3K_SIGNALING_PATHWAY","C2","CP:KEGG_MEDICUS",15,"EGFR; RAS; PI3K","Pathway Definition from KEGG: EGF -> EGFR -> GRB2 -> SOS -> RAS -> PI3K -> PIP3 -> AKT -| BAD",""
TRUE,"KEGG_MEDICUS_REFERENCE_EGF_EGFR_RAS_RALGDS_SIGNALING_PATHWAY","C2","CP:KEGG_MEDICUS",11,"EGFR; RAS","Pathway Definition from KEGG: EGF -> EGFR -> GRB2 -> SOS -> RAS -> RALGDS -> RAL",""
TRUE,"KEGG_MEDICUS_REFERENCE_EGF_EGFR_RAS_RASSF1_SIGNALING_PATHWAY","C2","CP:KEGG_MEDICUS",11,"EGFR; RAS","Pathway Definition from KEGG: EGF -> EGFR -> GRB2 -> SOS -> RAS -> (RASSF1+RASSF5) -> STK4",""
TRUE,"KEGG_MEDICUS_REFERENCE_EGF_ERBB2_RAS_ERK_SIGNALING_PATHWAY","C2","CP:KEGG_MEDICUS",16,"ERBB; ERK; RAS; RB","Pathway Definition from KEGG: EGF -> (ERBB2+EGFR) -> GRB2 -> SOS -> RAS -> RAF -> MEK -> ERK",""
TRUE,"KEGG_MEDICUS_REFERENCE_EP_NE_ADRB_CAMP_SIGNALING_PATHWAY","C2","CP:KEGG_MEDICUS",15,"RB","Pathway Definition from KEGG: (EP,NE) -> ADRB2 -> GNAS -> ADCY -> cAMP -> PKA -> PLN",""
TRUE,"KEGG_MEDICUS_REFERENCE_EREG_EGFR_PI3K_SIGNALING_PATHWAY","C2","CP:KEGG_MEDICUS",11,"EGFR; PI3K","Pathway Definition from KEGG: EREG -> EGFR -> PI3K -> PIP3 -> AKT -> MTOR -> S6K",""
TRUE,"KEGG_MEDICUS_REFERENCE_EREG_EGFR_RAS_ERK_SIGNALING_PATHWAY","C2","CP:KEGG_MEDICUS",15,"EGFR; ERK; RAS","Pathway Definition from KEGG: EREG -> EGFR -> GRB2 -> SOS -> RAS -> RAF -> MEK -> ERK",""
TRUE,"KEGG_MEDICUS_REFERENCE_FGF_FGFR_PI3K_SIGNALING_PATHWAY","C2","CP:KEGG_MEDICUS",31,"FGFR; PI3K","Pathway Definition from KEGG: FGF -> FGFR -> PI3K -> PIP3 -> AKT -> MTOR -> S6K",""
TRUE,"KEGG_MEDICUS_REFERENCE_FGF_FGFR_RAS_ERK_SIGNALING_PATHWAY","C2","CP:KEGG_MEDICUS",35,"FGFR; ERK; RAS","Pathway Definition from KEGG: FGF -> FGFR -> GRB2 -> SOS -> RAS -> RAF -> MEK -> ERK",""
TRUE,"KEGG_MEDICUS_REFERENCE_FLCN_MTORC1_SIGNALING_PATHWAY","C2","CP:KEGG_MEDICUS",14,"MTOR","Pathway Definition from KEGG: (SLC7A5+SLC3A2) -> FLCN -> (RRAGA+RRAGB+RRAGC+RRAGD) -> mTORC1",""
TRUE,"KEGG_MEDICUS_REFERENCE_FLT3LG_FLT3_RAS_ERK_SIGNALING_PATHWAY","C2","CP:KEGG_MEDICUS",15,"ERK; RAS","Pathway Definition from KEGG: FLT3LG -> FLT3 -> GRB2 -> SOS -> RAS -> RAF -> MEK -> ERK",""
TRUE,"KEGG_MEDICUS_REFERENCE_FLT3LG_FLT3_RAS_PI3K_SIGNALING_PATHWAY","C2","CP:KEGG_MEDICUS",15,"RAS; PI3K","Pathway Definition from KEGG: FLT3LG -> FLT3 -> GRB2 -> SOS -> RAS -> PI3K -> PIP3 -> AKT -> MTOR",""
TRUE,"KEGG_MEDICUS_REFERENCE_GATOR1_MTORC1_SIGNALING_PATHWAY","C2","CP:KEGG_MEDICUS",14,"MTOR","Pathway Definition from KEGG: (NPRL2+NPRL3+DEPDC5) -| (RRAGA+RRAGB+RRAGC+RRAGD) -> mTORC1",""
TRUE,"KEGG_MEDICUS_REFERENCE_GF_RTK_PI3K_SIGNALING_PATHWAY","C2","CP:KEGG_MEDICUS",83,"PI3K","Pathway Definition from KEGG: GF -> RTK -> PI3K -> PIP3 -> AKT",""
TRUE,"KEGG_MEDICUS_REFERENCE_GF_RTK_RAS_ERK_SIGNALING_PATHWAY","C2","CP:KEGG_MEDICUS",92,"ERK; RAS","Pathway Definition from KEGG: GF -> RTK -> GRB2 -> SOS -> RAS -> RAF -> MEK -> ERK",""
TRUE,"KEGG_MEDICUS_REFERENCE_GF_RTK_RAS_PI3K_SIGNALING_PATHWAY","C2","CP:KEGG_MEDICUS",89,"RAS; PI3K","Pathway Definition from KEGG: GF -> RTK -> GRB2 -> SOS -> RAS -> PI3K -> PIP3 -> AKT",""
TRUE,"KEGG_MEDICUS_REFERENCE_GLYCOLYSIS","C2","CP:KEGG_MEDICUS",25,"GLYCOLYSIS","Pathway Definition from KEGG: Glc-6P -- GPI >> PFK >> ALDO >> GAPDH >> PGK1/2 >> (PGAM,BPGM) >> ENO1/2/3/4 >> (PKLR,PKM) >> (LDH,LDHAL6) -> Lactate",""
TRUE,"KEGG_MEDICUS_REFERENCE_HEDGEHOG_SIGNALING_PATHWAY","C2","CP:KEGG_MEDICUS",14,"HEDGEHOG","Pathway Definition from KEGG: HH -> PTCH // SMO -> (SMO+EVC) -> (SUFU+KIF7) // GLI => (GLI1,PTCH,HHIP)",""
TRUE,"KEGG_MEDICUS_REFERENCE_HGF_MET_PI3K_SIGNALING_PATHWAY","C2","CP:KEGG_MEDICUS",10,"PI3K","Pathway Definition from KEGG: HGF -> MET -> GAB1 -> PI3K -> PIP3 -> AKT -| BAD",""
TRUE,"KEGG_MEDICUS_REFERENCE_HGF_MET_RAS_ERK_SIGNALING_PATHWAY","C2","CP:KEGG_MEDICUS",15,"ERK; RAS","Pathway Definition from KEGG: HGF -> MET -> GRB2 -> SOS -> RAS -> RAF -> MEK -> ERK",""
TRUE,"KEGG_MEDICUS_REFERENCE_IGF2_IGF1R_PI3K_SIGNALING_PATHWAY","C2","CP:KEGG_MEDICUS",11,"PI3K","Pathway Definition from KEGG: IGF2 -> IGF1R -> PI3K -> PIP3 -> AKT -> MTOR -> S6K",""
TRUE,"KEGG_MEDICUS_REFERENCE_IGF_IGF1R_PI3K_SIGNALING_PATHWAY","C2","CP:KEGG_MEDICUS",13,"PI3K","Pathway Definition from KEGG: IGF1 -> IGF1R -> PI3K -> PIP3 -> AKT -| (TSC1+TSC2) -| RHEB -> MTOR -| EIF4EBP1",""
TRUE,"KEGG_MEDICUS_REFERENCE_IGF_IGF1R_RAS_ERK_SIGNALING_PATHWAY","C2","CP:KEGG_MEDICUS",16,"ERK; RAS","Pathway Definition from KEGG: IGF -> IGF1R -> GRB2 -> SOS -> RAS -> RAF -> MEK -> ERK",""
TRUE,"KEGG_MEDICUS_REFERENCE_IGF_IGFR_PI3K_NFKB_SIGNALING_PATHWAY","C2","CP:KEGG_MEDICUS",14,"PI3K","Pathway Definition from KEGG: IGF1 -> IGF1R -> PI3K -> PIP3 -> AKT -> IKK -> NFKBIA -> NFKB",""
TRUE,"KEGG_MEDICUS_REFERENCE_KITLG_KIT_PI3K_SIGNALING_PATHWAY","C2","CP:KEGG_MEDICUS",11,"PI3K","Pathway Definition from KEGG: KITLG -> KIT -> PI3K -> PIP3 -> AKT -> MTOR -> S6K",""
TRUE,"KEGG_MEDICUS_REFERENCE_KITLG_KIT_RAS_ERK_SIGNALING_PATHWAY","C2","CP:KEGG_MEDICUS",15,"ERK; RAS","Pathway Definition from KEGG: KITLG -> KIT -> GRB2 -> SOS -> RAS -> RAF -> MEK -> ERK",""
TRUE,"KEGG_MEDICUS_REFERENCE_MDM2_P21_CELL_CYCLE_G1_S_N00066","C2","CP:KEGG_MEDICUS",13,"CELL_CYCLE","Pathway Definition from KEGG: CDKN2A -| MDM2 -| TP53 => CDKN1A -| (CCND+CDK4/6) -> RB1 // E2F",""
TRUE,"KEGG_MEDICUS_REFERENCE_MDM2_P21_CELL_CYCLE_G1_S_N00536","C2","CP:KEGG_MEDICUS",11,"CELL_CYCLE","Pathway Definition from KEGG: CDKN2A -| MDM2 -| TP53 => CDKN1A -| (CCNE+CDK2) -> RB1 // E2F",""
TRUE,"KEGG_MEDICUS_REFERENCE_MISMATCH_REPAIR","C2","CP:KEGG_MEDICUS",26,"REPAIR","Pathway Definition from KEGG: (MSH2+MSH6,MSH3) == (MLH1+PMS2,PMS1,MLH3) == PCNA == RFC -> RPA == EXO1 -> POLD,POLE -> LIG1",""
TRUE,"KEGG_MEDICUS_REFERENCE_P15_CELL_CYCLE_G1_S","C2","CP:KEGG_MEDICUS",13,"CELL_CYCLE","Pathway Definition from KEGG: (MYC+MAX) -| ZBTB17 => CDKN2B -| (CCND+CDK4/6) -> RB1 // E2F",""
TRUE,"KEGG_MEDICUS_REFERENCE_P16_CELL_CYCLE_G1_S","C2","CP:KEGG_MEDICUS",10,"CELL_CYCLE","Pathway Definition from KEGG: CDKN2A -| (CCND+CDK4/6) -> RB1 // E2F",""
TRUE,"KEGG_MEDICUS_REFERENCE_P27_CELL_CYCLE_G1_S","C2","CP:KEGG_MEDICUS",14,"CELL_CYCLE","Pathway Definition from KEGG: (SCF+SKP2) -| CDKN1B -| ((CCNA,CCNE)+CDK2) -> RB1 // E2F",""
TRUE,"KEGG_MEDICUS_REFERENCE_P300_P21_CELL_CYCLE_G1_S","C2","CP:KEGG_MEDICUS",15,"CELL_CYCLE","Pathway Definition from KEGG: (ATM,ATR) -> TADA3 -> EP300 -> TP53 => CDKN1A -| (CCND+CDK4/6) -> RB1 // E2F",""
TRUE,"KEGG_MEDICUS_REFERENCE_P4_PR_RAS_ERK_SIGNALING_PATHWAY","C2","CP:KEGG_MEDICUS",16,"ERK; RAS","Pathway Definition from KEGG: P4 -> (PGR+SRC) -> GRB2 -> SOS -> RAS -> RAF -> MEK -> ERK -> CCND1",""
TRUE,"KEGG_MEDICUS_REFERENCE_PDGF_PDGFR_PI3K_SIGNALING_PATHWAY","C2","CP:KEGG_MEDICUS",13,"PDGF; PDGFR; PI3K","Pathway Definition from KEGG: PDGF -> PDGFR -> PI3K -> PIP3 -> AKT -> MTOR -> S6K",""
TRUE,"KEGG_MEDICUS_REFERENCE_PDGF_PDGFR_PLCG_CAMK_SIGNALING_PATHWAY","C2","CP:KEGG_MEDICUS",17,"PDGF; PDGFR","Pathway Definition from KEGG: PDGF -> PDGFR -> PLCG -> IP3 -> Ca2+ -> CALM == CAMK",""
TRUE,"KEGG_MEDICUS_REFERENCE_PDGF_PDGFR_RAS_ERK_SIGNALING_PATHWAY","C2","CP:KEGG_MEDICUS",17,"PDGF; PDGFR; ERK; RAS","Pathway Definition from KEGG: PDGF -> PDGFR -> GRB2 -> SOS -> RAS -> RAF -> MEK -> ERK",""
TRUE,"KEGG_MEDICUS_REFERENCE_PP2A_AKT_SIGNALING_PATHWAY","C2","CP:KEGG_MEDICUS",19,"AKT","Pathway Definition from KEGG: PP2A -| AKT",""
TRUE,"KEGG_MEDICUS_REFERENCE_PRNP_PI3K_NOX2_SIGNALING_PATHWAY","C2","CP:KEGG_MEDICUS",29,"PI3K","Pathway Definition from KEGG: PRNP -> CAV -> FYN -> PI3K -> PRKCD -> NOX2 -> ERK -> CREB => EGR1",""
TRUE,"KEGG_MEDICUS_REFERENCE_RAC_CDC42_PAK_ERK_SIGNALING_PATHWAY","C2","CP:KEGG_MEDICUS",10,"ERK","Pathway Definition from KEGG: (RAC1,CDC42) -> PAK1 -> RAF -> MEK -> ERK",""
TRUE,"KEGG_MEDICUS_REFERENCE_RAD51_DSDNA_DESTABILIZATION","C2","CP:KEGG_MEDICUS",11,"DNA; RAD51","Pathway Definition from KEGG: RFWD3 -| RPA,RAD51 == BCDX2+HELQ",""
TRUE,"KEGG_MEDICUS_REFERENCE_REGULATION_OF_GF_RTK_RAS_ERK_SIGNALING_PATHWAY_ADAPTOR_PROTEINS","C2","CP:KEGG_MEDICUS",10,"ERK; RAS","Pathway Definition from KEGG: (PTPN11,SHC,GAB,GRB2) -> SOS",""
TRUE,"KEGG_MEDICUS_REFERENCE_REGULATION_OF_GF_RTK_RAS_ERK_SIGNALING_PTP","C2","CP:KEGG_MEDICUS",20,"ERK; RAS","Pathway Definition from KEGG: (PTP,MKP) -| (ERK,JNK,MAPK14)",""
TRUE,"KEGG_MEDICUS_REFERENCE_RELN_VLDLR_PI3K_SIGNALING_PATHWAY","C2","CP:KEGG_MEDICUS",15,"PI3K","Pathway Definition from KEGG: RELN -> VLDLR == DAB1 -> PI3K -> PIP3 -> AKT -| (TSC1+TSC2) -| RHEB -> MTOR -> S6K",""
TRUE,"KEGG_MEDICUS_REFERENCE_SPINDLE_ASSEMBLY_CHECKPOINT_SIGNALING","C2","CP:KEGG_MEDICUS",21,"CHECKPOINT; SPINDLE","Pathway Definition from KEGG: MAD1L1 -> (MAD2L1/2+BUB1B+BUB3) -| (ANAPC+CDC20) -| PTTG -| ESPL1",""
TRUE,"KEGG_MEDICUS_REFERENCE_TBK1_MEDIATED_AUTOPHAGOSOME_FORMATION","C2","CP:KEGG_MEDICUS",10,"AUTOPHAG","Pathway Definition from KEGG: TBK1 -> (SQSTM1,OPTN,NDP52,TAX1BP1,NBR1) == LC3-II",""
TRUE,"KEGG_MEDICUS_REFERENCE_TELOMERE_ELONGATION","C2","CP:KEGG_MEDICUS",19,"TELOMERE","Pathway Definition from KEGG: RTEL1+RAP1+TRF2+TIN2+TRF1+POT1+ACD == telomerase -> Shelterin == CTC1+STN1+TEN1",""
TRUE,"KEGG_MEDICUS_REFERENCE_TGFA_EGFR_RAS_ERK_SIGNALING_PATHWAY","C2","CP:KEGG_MEDICUS",15,"EGFR; ERK; RAS","Pathway Definition from KEGG: TGFA -> EGFR -> GRB2 -> SOS -> RAS -> RAF -> MEK -> ERK",""
TRUE,"KEGG_MEDICUS_REFERENCE_TLR2_4_MAPK_SIGNALING_PATHWAY","C2","CP:KEGG_MEDICUS",26,"MAPK","Pathway Definition from KEGG: (TLR2,TLR4) -> (TIRAP+MYD88) -> (IRAK4+IRAK1) -> (TRAF6+TAK1+TAB2) -> (MEK,MKK3/6,MKK4/7) -> (ERK,p38,JNK) -> AP1",""
TRUE,"KEGG_MEDICUS_REFERENCE_TRANSCRIPTIONAL_ACTIVATION_BY_ACETYLATION_OF_H3K27","C2","CP:KEGG_MEDICUS",15,"ACETYL","Pathway Definition from KEGG: PRC1.3,PRC1.5 == TEX10+EP300 -- H3 -> H3K27ac",""
TRUE,"KEGG_MEDICUS_REFERENCE_TSC1_2_MTORC1_SIGNALING_PATHWAY","C2","CP:KEGG_MEDICUS",11,"MTOR","Pathway Definition from KEGG: (TSC1+TSC2+TBC1D7) -| RHEB -> mTORC1",""
TRUE,"KEGG_MEDICUS_REFERENCE_WNT5A_ROR_SIGNALING_PATHWAY","C2","CP:KEGG_MEDICUS",16,"WNT","Pathway Definition from KEGG: WNT5A -> (FZD,(ROR1,ROR2)) -> DVL",""
TRUE,"KEGG_MEDICUS_REFERENCE_WNT_SIGNALING_MODULATION_LGR_RSPO","C2","CP:KEGG_MEDICUS",19,"WNT","Pathway Definition from KEGG: (RSPO+LGR4/5/6)) -| (ZNRF3,RNF43) -| FZD",""
TRUE,"KEGG_MEDICUS_REFERENCE_WNT_SIGNALING_MODULATION_SOST_LRP4","C2","CP:KEGG_MEDICUS",14,"WNT","Pathway Definition from KEGG: (SOST+LRP4) -| (FZD+LRP5/6)",""
TRUE,"KEGG_MEDICUS_REFERENCE_WNT_SIGNALING_MODULATION_WNT_ACYLATION","C2","CP:KEGG_MEDICUS",19,"WNT","Pathway Definition from KEGG: PORCN -> WNT",""
TRUE,"KEGG_MEDICUS_REFERENCE_WNT_SIGNALING_PATHWAY","C2","CP:KEGG_MEDICUS",46,"WNT","Pathway Definition from KEGG: WNT -> (FZD+LRP5/6) -> (DVL+FRAT) -| (GSK3B+AXIN+APC) -| CTNNB1 -> TCF/LEF => (MYC,CCND1)",""
TRUE,"KEGG_MEDICUS_VARIANT_AMPLIFIED_EGFR_TO_PLCG_CAMK_SIGNALING_PATHWAY","C2","CP:KEGG_MEDICUS",14,"EGFR","Pathway Definition from KEGG: EGFR* -> PLCG -> IP3 -> Ca2+ -> CALM == CAMK",""
TRUE,"KEGG_MEDICUS_VARIANT_AMPLIFIED_FGFR_TO_RAS_ERK_SIGNALING_PATHWAY","C2","CP:KEGG_MEDICUS",15,"FGFR; ERK; RAS","Pathway Definition from KEGG: FGFR* -> GRB2 -> SOS -> RAS -> RAF -> MEK -> ERK",""
TRUE,"KEGG_MEDICUS_VARIANT_AMPLIFIED_MDM2_TO_P21_CELL_CYCLE_G1_S","C2","CP:KEGG_MEDICUS",12,"CELL_CYCLE","Pathway Definition from KEGG: MDM2* -| TP53 => CDKN1A -| (CCND+CDK4/6) -> RB1 // E2F",""
TRUE,"KEGG_MEDICUS_VARIANT_AMPLIFIED_MYC_TO_CELL_CYCLE_G1_S","C2","CP:KEGG_MEDICUS",11,"CELL_CYCLE; MYC","Pathway Definition from KEGG: (MYC*+MAX) => (CCND+CDK4/6) -> RB1 // E2F",""
TRUE,"KEGG_MEDICUS_VARIANT_AMPLIFIED_MYC_TO_P27_CELL_CYCLE_G1_S","C2","CP:KEGG_MEDICUS",15,"CELL_CYCLE; MYC","Pathway Definition from KEGG: (MYC*+MAX) => CKS1B -> (SCF+SKP2) -| CDKN1B -| (CCNE+CDK2) -> RB1 // E2F",""
TRUE,"KEGG_MEDICUS_VARIANT_AMPLIFIED_PDGFR_TO_PLCG_CAMK_SIGNALING_PATHWAY","C2","CP:KEGG_MEDICUS",14,"PDGF; PDGFR","Pathway Definition from KEGG: PDGFR* -> PLCG -> IP3 -> Ca2+ -> CALM == CAMK",""
TRUE,"KEGG_MEDICUS_VARIANT_AMPLIFIED_PDGFR_TO_RAS_ERK_SIGNALING_PATHWAY","C2","CP:KEGG_MEDICUS",14,"PDGF; PDGFR; ERK; RAS","Pathway Definition from KEGG: PDGFR* -> GRB2 -> SOS -> RAS -> RAF -> MEK -> ERK",""
TRUE,"KEGG_MEDICUS_VARIANT_BCR_ABL_FUSION_KINASE_TO_PI3K_SIGNALING_PATHWAY","C2","CP:KEGG_MEDICUS",11,"PI3K","Pathway Definition from KEGG: BCR-ABL -> (CRKL+CBL+CRK) -> PI3K -> PIP3 -> AKT -| BAD",""
TRUE,"KEGG_MEDICUS_VARIANT_BCR_ABL_FUSION_KINASE_TO_RAS_ERK_SIGNALING_PATHWAY","C2","CP:KEGG_MEDICUS",14,"ERK; RAS","Pathway Definition from KEGG: BCR-ABL -> GRB2 -> SOS -> RAS -> RAF -> MEK -> ERK",""
TRUE,"KEGG_MEDICUS_VARIANT_DUPLICATION_OR_MUTATION_ACTIVATED_FLT3_TO_RAS_ERK_SIGNALING_PATHWAY","C2","CP:KEGG_MEDICUS",14,"ERK; RAS","Pathway Definition from KEGG: FLT3* -> GRB2 -> SOS -> RAS -> RAF -> MEK -> ERK",""
TRUE,"KEGG_MEDICUS_VARIANT_DUPLICATION_OR_MUTATION_ACTIVATED_FLT3_TO_RAS_PI3K_SIGNALING_PATHWAY","C2","CP:KEGG_MEDICUS",14,"RAS; PI3K","Pathway Definition from KEGG: FLT3* -> GRB2 -> SOS -> RAS -> PI3K -> PIP3 -> AKT -| BAD",""
TRUE,"KEGG_MEDICUS_VARIANT_EML4_ALK_FUSION_KINASE_TO_PLCG_ERK_SIGNALING_PATHWAY","C2","CP:KEGG_MEDICUS",14,"ERK","Pathway Definition from KEGG: EML4-ALK -> PLCG -> IP3 -> (Ca2+,DAG) -> PKC -> RAF -> MEK -> ERK -> CCND1",""
TRUE,"KEGG_MEDICUS_VARIANT_EML4_ALK_FUSION_KINASE_TO_RAS_ERK_SIGNALING_PATHWAY","C2","CP:KEGG_MEDICUS",12,"ERK; RAS","Pathway Definition from KEGG: EML4-ALK -> RAS -> RAF -> MEK -> ERK -> CCND1",""
TRUE,"KEGG_MEDICUS_VARIANT_MUTATION_ACTIVATED_EGFR_TO_PLCG_ERK_SIGNALING_PATHWAY","C2","CP:KEGG_MEDICUS",14,"EGFR; ERK","Pathway Definition from KEGG: EGFR* -> PLCG -> IP3 -> (Ca2+,DAG) -> PKC -> RAF -> MEK -> ERK -> CCND1",""
TRUE,"KEGG_MEDICUS_VARIANT_MUTATION_ACTIVATED_EGFR_TO_RAS_ERK_SIGNALING_PATHWAY","C2","CP:KEGG_MEDICUS",15,"EGFR; ERK; RAS","Pathway Definition from KEGG: EGFR* -> GRB2 -> SOS -> RAS -> RAF -> MEK -> ERK -> CCND1",""
TRUE,"KEGG_MEDICUS_VARIANT_MUTATION_ACTIVATED_KIT_TO_RAS_ERK_SIGNALING_PATHWAY","C2","CP:KEGG_MEDICUS",14,"ERK; RAS","Pathway Definition from KEGG: KIT* -> GRB2 -> SOS -> RAS -> RAF -> MEK -> ERK",""
TRUE,"KEGG_MEDICUS_VARIANT_MUTATION_ACTIVATED_KRAS_NRAS_TO_ERK_SIGNALING_PATHWAY","C2","CP:KEGG_MEDICUS",10,"ERK; RAS","Pathway Definition from KEGG: (KRAS*,NRAS*) -> RAF -> MEK -> ERK -> CCND1",""
TRUE,"KEGG_MEDICUS_VARIANT_MUTATION_ACTIVATED_MET_TO_RAS_ERK_SIGNALING_PATHWAY","C2","CP:KEGG_MEDICUS",15,"ERK; RAS","Pathway Definition from KEGG: MET* -> GRB2 -> SOS -> RAS -> RAF -> MEK -> ERK -> CCND1",""
TRUE,"KEGG_MEDICUS_VARIANT_MUTATION_ACTIVATED_SMO_TO_HEDGEHOG_SIGNALING_PATHWAY","C2","CP:KEGG_MEDICUS",29,"HEDGEHOG","Pathway Definition from KEGG: SMO* -> (SUFU+KIF7) // GLI => (BMP2/4,HHIP,GLI1,PTCH,WNT)",""
TRUE,"KEGG_MEDICUS_VARIANT_MUTATION_INACTIVATED_APC_TO_WNT_SIGNALING_PATHWAY","C2","CP:KEGG_MEDICUS",12,"WNT","Pathway Definition from KEGG: (GSK3B+AXIN) // APC* // CTNNB1 -> TCF/LEF => (BIRC5,MYC,CCND1)",""
TRUE,"KEGG_MEDICUS_VARIANT_MUTATION_INACTIVATED_AXIN_TO_WNT_SIGNALING_PATHWAY","C2","CP:KEGG_MEDICUS",10,"WNT","Pathway Definition from KEGG: (GSK3B+APC) // AXIN* // CTNNB1 -> TCF/LEF => (MYC,CCND1)",""
TRUE,"KEGG_MEDICUS_VARIANT_MUTATION_INACTIVATED_FGF17_TO_RAS_ERK_SIGNALING_PATHWAY","C2","CP:KEGG_MEDICUS",15,"ERK; RAS","Pathway Definition from KEGG: FGF17* // FGFR1 -> GRB2 -> SOS -> RAS -> RAF -> MEK -> ERK",""
TRUE,"KEGG_MEDICUS_VARIANT_MUTATION_INACTIVATED_PTCH1_TO_HEDGEHOG_SIGNALING_PATHWAY","C2","CP:KEGG_MEDICUS",29,"HEDGEHOG","Pathway Definition from KEGG: PTCH1* // SMO -> (SUFU+KIF7) // GLI => (BMP2/4,HHIP,GLI1,PTCH,WNT)",""
TRUE,"KEGG_MEDICUS_VARIANT_MUTATION_INACTIVATED_RASD1_TO_CRHR_PKA_ACTH_SIGNALING_PATHWAY","C2","CP:KEGG_MEDICUS",27,"RAS","Pathway Definition from KEGG: RASD1* // GNAI // ADCY -> cAMP -> PKA -> CREB -> ACTH",""
TRUE,"KEGG_MEDICUS_VARIANT_RET_FUSION_KINASE_TO_RAS_ERK_SIGNALING_PATHWAY","C2","CP:KEGG_MEDICUS",11,"ERK; RAS","Pathway Definition from KEGG: RET* -> RAS -> RAF -> MEK -> ERK",""
TRUE,"KEGG_MEDICUS_VARIANT_TRK_FUSION_KINASE_TO_RAS_ERK_SIGNALING_PATHWAY","C2","CP:KEGG_MEDICUS",11,"ERK; RAS","Pathway Definition from KEGG: TRK* -> RAS -> RAF -> MEK -> ERK",""
TRUE,"REACTOME_ACETYLCHOLINE_NEUROTRANSMITTER_RELEASE_CYCLE","C2","CP:REACTOME",17,"ACETYL","Acetylcholine Neurotransmitter Release Cycle",""
TRUE,"REACTOME_ACTIVATED_TAK1_MEDIATES_P38_MAPK_ACTIVATION","C2","CP:REACTOME",23,"MAPK","activated TAK1 mediates p38 MAPK activation",""
TRUE,"REACTOME_ACTIVATION_OF_APC_C_AND_APC_C_CDC20_MEDIATED_DEGRADATION_OF_MITOTIC_PROTEINS","C2","CP:REACTOME",64,"MITOT","Activation of APC/C and APC/C:Cdc20 mediated degradation of mitotic proteins",""
TRUE,"REACTOME_AMINO_ACIDS_REGULATE_MTORC1","C2","CP:REACTOME",55,"MTOR","Amino acids regulate mTORC1",""
TRUE,"REACTOME_APC_C_CDC20_MEDIATED_DEGRADATION_OF_CYCLIN_B","C2","CP:REACTOME",24,"CYCLIN","APC/C:Cdc20 mediated degradation of Cyclin B",""
TRUE,"REACTOME_APC_C_MEDIATED_DEGRADATION_OF_CELL_CYCLE_PROTEINS","C2","CP:REACTOME",75,"CELL_CYCLE","APC/C-mediated degradation of cell cycle proteins",""
TRUE,"REACTOME_APOPTOSIS","C2","CP:REACTOME",166,"APOPTOS","Apoptosis",""
TRUE,"REACTOME_ASSEMBLY_OF_THE_ORC_COMPLEX_AT_THE_ORIGIN_OF_REPLICATION","C2","CP:REACTOME",68,"REPLICATION","Assembly of the ORC complex at the origin of replication",""
TRUE,"REACTOME_ATP_DEPENDENT_CHROMATIN_REMODELERS","C2","CP:REACTOME",31,"CHROMATIN","ATP-dependent chromatin remodelers",""
TRUE,"REACTOME_AUTOPHAGY","C2","CP:REACTOME",159,"AUTOPHAG","Autophagy",""
TRUE,"REACTOME_BASE_EXCISION_REPAIR","C2","CP:REACTOME",90,"REPAIR","Base Excision Repair",""
TRUE,"REACTOME_BASE_EXCISION_REPAIR_AP_SITE_FORMATION","C2","CP:REACTOME",62,"REPAIR","Base-Excision Repair, AP Site Formation",""
TRUE,"REACTOME_BETA_CATENIN_INDEPENDENT_WNT_SIGNALING","C2","CP:REACTOME",133,"WNT","Beta-catenin independent WNT signaling",""
TRUE,"REACTOME_CD28_DEPENDENT_PI3K_AKT_SIGNALING","C2","CP:REACTOME",27,"PI3K; AKT","CD28 dependent PI3K/Akt signaling",""
TRUE,"REACTOME_CDK_MEDIATED_PHOSPHORYLATION_AND_REMOVAL_OF_CDC6","C2","CP:REACTOME",60,"CDK","CDK-mediated phosphorylation and removal of Cdc6",""
TRUE,"REACTOME_CELLULAR_SENESCENCE","C2","CP:REACTOME",197,"SENESC","Cellular Senescence",""
TRUE,"REACTOME_CHAPERONE_MEDIATED_AUTOPHAGY","C2","CP:REACTOME",22,"AUTOPHAG","Chaperone Mediated Autophagy",""
TRUE,"REACTOME_CHK1_CHK2_CDS1_MEDIATED_INACTIVATION_OF_CYCLIN_B_CDK1_COMPLEX","C2","CP:REACTOME",15,"CYCLIN; CDK","Chk1/Chk2(Cds1) mediated inactivation of Cyclin B:Cdk1 complex",""
TRUE,"REACTOME_COHESIN_LOADING_ONTO_CHROMATIN","C2","CP:REACTOME",10,"CHROMATIN","Cohesin Loading onto Chromatin",""
TRUE,"REACTOME_CONSTITUTIVE_SIGNALING_BY_EGFRVIII","C2","CP:REACTOME",15,"EGFR","Constitutive Signaling by EGFRvIII",""
TRUE,"REACTOME_CONSTITUTIVE_SIGNALING_BY_OVEREXPRESSED_ERBB2","C2","CP:REACTOME",11,"ERBB; RB","Constitutive Signaling by Overexpressed ERBB2",""
TRUE,"REACTOME_CREB1_PHOSPHORYLATION_THROUGH_NMDA_RECEPTOR_MEDIATED_ACTIVATION_OF_RAS_SIGNALING","C2","CP:REACTOME",28,"RAS","CREB1 phosphorylation through NMDA receptor-mediated activation of RAS signaling",""
TRUE,"REACTOME_CYCLIN_A_B1_B2_ASSOCIATED_EVENTS_DURING_G2_M_TRANSITION","C2","CP:REACTOME",32,"CYCLIN","Cyclin A/B1/B2 associated events during G2/M transition",""
TRUE,"REACTOME_CYCLIN_A_CDK2_ASSOCIATED_EVENTS_AT_S_PHASE_ENTRY","C2","CP:REACTOME",75,"CYCLIN; CDK","Cyclin A:Cdk2-associated events at S phase entry",""
TRUE,"REACTOME_CYCLIN_D_ASSOCIATED_EVENTS_IN_G1","C2","CP:REACTOME",47,"CYCLIN","Cyclin D associated events in G1",""
TRUE,"REACTOME_DEFECTIVE_INTRINSIC_PATHWAY_FOR_APOPTOSIS","C2","CP:REACTOME",25,"APOPTOS","Defective Intrinsic Pathway for Apoptosis",""
TRUE,"REACTOME_ENERGY_DEPENDENT_REGULATION_OF_MTOR_BY_LKB1_AMPK","C2","CP:REACTOME",29,"MTOR","Energy dependent regulation of mTOR by LKB1-AMPK",""
TRUE,"REACTOME_EPIGENETIC_REGULATION_BY_WDR5_CONTAINING_HISTONE_MODIFYING_COMPLEXES","C2","CP:REACTOME",166,"EPIGEN","Epigenetic regulation by WDR5-containing histone modifying complexes",""
TRUE,"REACTOME_EPIGENETIC_REGULATION_OF_GENE_EXPRESSION_BY_MLL3_AND_MLL4_COMPLEXES","C2","CP:REACTOME",134,"EPIGEN","Epigenetic regulation of gene expression by MLL3 and MLL4 complexes",""
TRUE,"REACTOME_ERBB2_ACTIVATES_PTK6_SIGNALING","C2","CP:REACTOME",13,"ERBB; RB","ERBB2 Activates PTK6 Signaling",""
TRUE,"REACTOME_ERBB2_REGULATES_CELL_MOTILITY","C2","CP:REACTOME",15,"ERBB; RB","ERBB2 Regulates Cell Motility",""
TRUE,"REACTOME_ERKS_ARE_INACTIVATED","C2","CP:REACTOME",13,"ERK","ERKs are inactivated",""
TRUE,"REACTOME_EXTENSION_OF_TELOMERES","C2","CP:REACTOME",51,"TELOMERE","Extension of Telomeres",""
TRUE,"REACTOME_FCERI_MEDIATED_MAPK_ACTIVATION","C2","CP:REACTOME",87,"MAPK","FCERI mediated MAPK activation",""
TRUE,"REACTOME_FORMATION_OF_APOPTOSOME","C2","CP:REACTOME",11,"APOPTOS","Formation of apoptosome",""
TRUE,"REACTOME_FORMATION_OF_SENESCENCE_ASSOCIATED_HETEROCHROMATIN_FOCI_SAHF","C2","CP:REACTOME",17,"SENESC; CHROMATIN","Formation of Senescence-Associated Heterochromatin Foci (SAHF)",""
TRUE,"REACTOME_FOXO_MEDIATED_TRANSCRIPTION_OF_CELL_CYCLE_GENES","C2","CP:REACTOME",17,"CELL_CYCLE","FOXO-mediated transcription of cell cycle genes",""
TRUE,"REACTOME_G2_M_CHECKPOINTS","C2","CP:REACTOME",156,"CHECKPOINT","G2/M Checkpoints",""
TRUE,"REACTOME_GAMMA_CARBOXYLATION_TRANSPORT_AND_AMINO_TERMINAL_CLEAVAGE_OF_PROTEINS","C2","CP:REACTOME",11,"RB","Gamma-carboxylation, transport, and amino-terminal cleavage of proteins",""
TRUE,"REACTOME_GLOBAL_GENOME_NUCLEOTIDE_EXCISION_REPAIR_GG_NER","C2","CP:REACTOME",84,"REPAIR","Global Genome Nucleotide Excision Repair (GG-NER)",""
TRUE,"REACTOME_GRB2_EVENTS_IN_ERBB2_SIGNALING","C2","CP:REACTOME",16,"ERBB; RB","GRB2 events in ERBB2 signaling",""
TRUE,"REACTOME_G_BETA_GAMMA_SIGNALLING_THROUGH_PI3KGAMMA","C2","CP:REACTOME",25,"PI3K","G beta:gamma signalling through PI3Kgamma",""
TRUE,"REACTOME_HATS_ACETYLATE_HISTONES","C2","CP:REACTOME",142,"ACETYL","HATs acetylate histones",""
TRUE,"REACTOME_HDACS_DEACETYLATE_HISTONES","C2","CP:REACTOME",94,"HDAC; ACETYL","HDACs deacetylate histones",""
TRUE,"REACTOME_HDMS_DEMETHYLATE_HISTONES","C2","CP:REACTOME",50,"METHYL","HDMs demethylate histones",""
TRUE,"REACTOME_HEDGEHOG_LIGAND_BIOGENESIS","C2","CP:REACTOME",52,"HEDGEHOG","Hedgehog ligand biogenesis",""
TRUE,"REACTOME_HEDGEHOG_OFF_STATE","C2","CP:REACTOME",100,"HEDGEHOG","Hedgehog 'off' state",""
TRUE,"REACTOME_HEDGEHOG_ON_STATE","C2","CP:REACTOME",73,"HEDGEHOG","Hedgehog 'on' state",""
TRUE,"REACTOME_HOMOLOGY_DIRECTED_REPAIR","C2","CP:REACTOME",140,"REPAIR","Homology Directed Repair",""
TRUE,"REACTOME_INHIBITION_OF_THE_PROTEOLYTIC_ACTIVITY_OF_APC_C_REQUIRED_FOR_THE_ONSET_OF_ANAPHASE_BY_MITOTIC_SPINDLE_CHECKPOINT_COMPONENTS","C2","CP:REACTOME",21,"CHECKPOINT; MITOT; SPINDLE","Inhibition of the proteolytic activity of APC/C required for the onset of anaphase by mitotic spindle checkpoint components",""
TRUE,"REACTOME_INTRAFLAGELLAR_TRANSPORT","C2","CP:REACTOME",54,"RAF","Intraflagellar transport",""
TRUE,"REACTOME_INTRINSIC_PATHWAY_FOR_APOPTOSIS","C2","CP:REACTOME",55,"APOPTOS","Intrinsic Pathway for Apoptosis",""
TRUE,"REACTOME_LATE_ENDOSOMAL_MICROAUTOPHAGY","C2","CP:REACTOME",34,"AUTOPHAG","Late endosomal microautophagy",""
TRUE,"REACTOME_MAP2K_AND_MAPK_ACTIVATION","C2","CP:REACTOME",40,"MAPK","MAP2K and MAPK activation",""
TRUE,"REACTOME_MAP3K8_TPL2_DEPENDENT_MAPK1_3_ACTIVATION","C2","CP:REACTOME",16,"MAPK","MAP3K8 (TPL2)-dependent MAPK1/3 activation",""
TRUE,"REACTOME_MAPK3_ERK1_ACTIVATION","C2","CP:REACTOME",10,"MAPK; ERK","MAPK3 (ERK1) activation",""
TRUE,"REACTOME_MAPK6_MAPK4_SIGNALING","C2","CP:REACTOME",80,"MAPK","MAPK6/MAPK4 signaling",""
TRUE,"REACTOME_MASTL_FACILITATES_MITOTIC_PROGRESSION","C2","CP:REACTOME",10,"MITOT","MASTL Facilitates Mitotic Progression",""
TRUE,"REACTOME_MATRIGLYCAN_BIOSYNTHESIS_ON_DAG1","C2","CP:REACTOME",12,"ATR","Matriglycan biosynthesis on DAG1",""
TRUE,"REACTOME_METHYLATION","C2","CP:REACTOME",14,"METHYL","Methylation",""
TRUE,"REACTOME_MET_ACTIVATES_RAS_SIGNALING","C2","CP:REACTOME",11,"RAS","MET activates RAS signaling",""
TRUE,"REACTOME_MISMATCH_REPAIR","C2","CP:REACTOME",15,"REPAIR","Mismatch Repair",""
TRUE,"REACTOME_MITOTIC_G1_PHASE_AND_G1_S_TRANSITION","C2","CP:REACTOME",139,"MITOT","Mitotic G1 phase and G1/S transition",""
TRUE,"REACTOME_MITOTIC_G2_G2_M_PHASES","C2","CP:REACTOME",193,"MITOT","Mitotic G2-G2/M phases",""
TRUE,"REACTOME_MITOTIC_METAPHASE_AND_ANAPHASE","C2","CP:REACTOME",223,"MITOT","Mitotic Metaphase and Anaphase",""
TRUE,"REACTOME_MITOTIC_PROMETAPHASE","C2","CP:REACTOME",204,"MITOT","Mitotic Prometaphase",""
TRUE,"REACTOME_MITOTIC_PROPHASE","C2","CP:REACTOME",142,"MITOT","Mitotic Prophase",""
TRUE,"REACTOME_MITOTIC_SPINDLE_CHECKPOINT","C2","CP:REACTOME",111,"CHECKPOINT; MITOT; SPINDLE","Mitotic Spindle Checkpoint",""
TRUE,"REACTOME_MTORC1_MEDIATED_SIGNALLING","C2","CP:REACTOME",24,"MTOR","mTORC1-mediated signalling",""
TRUE,"REACTOME_MTOR_SIGNALLING","C2","CP:REACTOME",41,"MTOR","MTOR signalling",""
TRUE,"REACTOME_NUCLEOTIDE_EXCISION_REPAIR","C2","CP:REACTOME",108,"REPAIR","Nucleotide Excision Repair",""
TRUE,"REACTOME_ONCOGENE_INDUCED_SENESCENCE","C2","CP:REACTOME",35,"SENESC","Oncogene Induced Senescence",""
TRUE,"REACTOME_ONCOGENIC_MAPK_SIGNALING","C2","CP:REACTOME",82,"MAPK","Oncogenic MAPK signaling",""
TRUE,"REACTOME_ORC1_REMOVAL_FROM_CHROMATIN","C2","CP:REACTOME",58,"CHROMATIN","Orc1 removal from chromatin",""
TRUE,"REACTOME_P38MAPK_EVENTS","C2","CP:REACTOME",13,"MAPK","p38MAPK events",""
TRUE,"REACTOME_PCNA_DEPENDENT_LONG_PATCH_BASE_EXCISION_REPAIR","C2","CP:REACTOME",21,"REPAIR","PCNA-Dependent Long Patch Base Excision Repair",""
TRUE,"REACTOME_PERK_REGULATES_GENE_EXPRESSION","C2","CP:REACTOME",32,"ERK","PERK regulates gene expression",""
TRUE,"REACTOME_PHOSPHORYLATION_OF_CLOCK_ACETYLATION_OF_BMAL1_ARNTL_AT_TARGET_GENE_PROMOTERS","C2","CP:REACTOME",11,"ACETYL","Phosphorylation of CLOCK, acetylation of BMAL1 (ARNTL) at target gene promoters",""
TRUE,"REACTOME_PI3K_EVENTS_IN_ERBB2_SIGNALING","C2","CP:REACTOME",16,"ERBB; PI3K; RB","PI3K events in ERBB2 signaling",""
TRUE,"REACTOME_PKMTS_METHYLATE_HISTONE_LYSINES","C2","CP:REACTOME",70,"METHYL","PKMTs methylate histone lysines",""
TRUE,"REACTOME_POLYMERASE_SWITCHING","C2","CP:REACTOME",14,"RAS","Polymerase switching",""
TRUE,"REACTOME_POLYMERASE_SWITCHING_ON_THE_C_STRAND_OF_THE_TELOMERE","C2","CP:REACTOME",26,"TELOMERE; RAS","Polymerase switching on the C-strand of the telomere",""
TRUE,"REACTOME_PROCESSIVE_SYNTHESIS_ON_THE_C_STRAND_OF_THE_TELOMERE","C2","CP:REACTOME",19,"TELOMERE","Processive synthesis on the C-strand of the telomere",""
TRUE,"REACTOME_PROLONGED_ERK_ACTIVATION_EVENTS","C2","CP:REACTOME",14,"ERK","Prolonged ERK activation events",""
TRUE,"REACTOME_PROTEIN_METHYLATION","C2","CP:REACTOME",17,"METHYL","Protein methylation",""
TRUE,"REACTOME_PTEN_REGULATION","C2","CP:REACTOME",126,"PTEN","PTEN Regulation",""
TRUE,"REACTOME_PTK6_REGULATES_RHO_GTPASES_RAS_GTPASE_AND_MAP_KINASES","C2","CP:REACTOME",14,"RAS","PTK6 Regulates RHO GTPases, RAS GTPase and MAP kinases",""
TRUE,"REACTOME_RAF_ACTIVATION","C2","CP:REACTOME",34,"RAF","RAF activation",""
TRUE,"REACTOME_RAF_INDEPENDENT_MAPK1_3_ACTIVATION","C2","CP:REACTOME",23,"MAPK; RAF","RAF-independent MAPK1/3 activation",""
TRUE,"REACTOME_RAS_PROCESSING","C2","CP:REACTOME",24,"RAS","RAS processing",""
TRUE,"REACTOME_RECRUITMENT_OF_MITOTIC_CENTROSOME_PROTEINS_AND_COMPLEXES","C2","CP:REACTOME",81,"MITOT","Recruitment of mitotic centrosome proteins and complexes",""
TRUE,"REACTOME_RECRUITMENT_OF_NUMA_TO_MITOTIC_CENTROSOMES","C2","CP:REACTOME",95,"MITOT","Recruitment of NuMA to mitotic centrosomes",""
TRUE,"REACTOME_REGULATION_OF_APOPTOSIS","C2","CP:REACTOME",40,"APOPTOS","Regulation of Apoptosis",""
TRUE,"REACTOME_REGULATION_OF_FOXO_TRANSCRIPTIONAL_ACTIVITY_BY_ACETYLATION","C2","CP:REACTOME",10,"ACETYL","Regulation of FOXO transcriptional activity by acetylation",""
TRUE,"REACTOME_REGULATION_OF_GLYCOLYSIS_BY_FRUCTOSE_2_6_BISPHOSPHATE_METABOLISM","C2","CP:REACTOME",12,"GLYCOLYSIS","Regulation of glycolysis by fructose 2,6-bisphosphate metabolism",""
TRUE,"REACTOME_REGULATION_OF_MITF_M_DEPENDENT_GENES_INVOLVED_IN_APOPTOSIS","C2","CP:REACTOME",19,"APOPTOS","Regulation of MITF-M-dependent genes involved in apoptosis",""
TRUE,"REACTOME_REGULATION_OF_MITF_M_DEPENDENT_GENES_INVOLVED_IN_CELL_CYCLE_AND_PROLIFERATION","C2","CP:REACTOME",18,"CELL_CYCLE","Regulation of MITF-M-dependent genes involved in cell cycle and proliferation",""
TRUE,"REACTOME_REGULATION_OF_PTEN_GENE_TRANSCRIPTION","C2","CP:REACTOME",61,"PTEN","Regulation of PTEN gene transcription",""
TRUE,"REACTOME_REGULATION_OF_PTEN_STABILITY_AND_ACTIVITY","C2","CP:REACTOME",56,"PTEN","Regulation of PTEN stability and activity",""
TRUE,"REACTOME_REGULATION_OF_RAS_BY_GAPS","C2","CP:REACTOME",55,"RAS","Regulation of RAS by GAPs",""
TRUE,"REACTOME_REGULATION_OF_TP53_ACTIVITY","C2","CP:REACTOME",161,"TP53","Regulation of TP53 Activity",""
TRUE,"REACTOME_REGULATION_OF_TP53_ACTIVITY_THROUGH_ACETYLATION","C2","CP:REACTOME",30,"TP53; ACETYL","Regulation of TP53 Activity through Acetylation",""
TRUE,"REACTOME_REGULATION_OF_TP53_ACTIVITY_THROUGH_ASSOCIATION_WITH_CO_FACTORS","C2","CP:REACTOME",14,"TP53","Regulation of TP53 Activity through Association with Co-factors",""
TRUE,"REACTOME_REGULATION_OF_TP53_ACTIVITY_THROUGH_METHYLATION","C2","CP:REACTOME",19,"TP53; METHYL","Regulation of TP53 Activity through Methylation",""
TRUE,"REACTOME_REGULATION_OF_TP53_ACTIVITY_THROUGH_PHOSPHORYLATION","C2","CP:REACTOME",93,"TP53","Regulation of TP53 Activity through Phosphorylation",""
TRUE,"REACTOME_REGULATION_OF_TP53_EXPRESSION_AND_DEGRADATION","C2","CP:REACTOME",37,"TP53","Regulation of TP53 Expression and Degradation",""
TRUE,"REACTOME_REMOVAL_OF_AMINOTERMINAL_PROPEPTIDES_FROM_GAMMA_CARBOXYLATED_PROTEINS","C2","CP:REACTOME",10,"RB","Removal of aminoterminal propeptides from gamma-carboxylated proteins",""
TRUE,"REACTOME_REPRESSION_OF_WNT_TARGET_GENES","C2","CP:REACTOME",14,"WNT","Repression of WNT target genes",""
TRUE,"REACTOME_RMTS_METHYLATE_HISTONE_ARGININES","C2","CP:REACTOME",78,"METHYL","RMTs methylate histone arginines",""
TRUE,"REACTOME_RORA_B_C_AND_NR1D1_REV_ERBA_REGULATE_GENE_EXPRESSION","C2","CP:REACTOME",25,"RB","RORA,B,C and NR1D1 (REV-ERBA) regulate gene expression",""
TRUE,"REACTOME_SELECTIVE_AUTOPHAGY","C2","CP:REACTOME",90,"AUTOPHAG","Selective autophagy",""
TRUE,"REACTOME_SENESCENCE_ASSOCIATED_SECRETORY_PHENOTYPE_SASP","C2","CP:REACTOME",111,"SENESC","Senescence-Associated Secretory Phenotype (SASP)",""
TRUE,"REACTOME_SHC1_EVENTS_IN_EGFR_SIGNALING","C2","CP:REACTOME",14,"EGFR","SHC1 events in EGFR signaling",""
TRUE,"REACTOME_SHC1_EVENTS_IN_ERBB2_SIGNALING","C2","CP:REACTOME",22,"ERBB; RB","SHC1 events in ERBB2 signaling",""
TRUE,"REACTOME_SIGNALING_BY_BRAF_AND_RAF1_FUSIONS","C2","CP:REACTOME",65,"RAF","Signaling by BRAF and RAF1 fusions",""
TRUE,"REACTOME_SIGNALING_BY_EGFR","C2","CP:REACTOME",53,"EGFR","Signaling by EGFR",""
TRUE,"REACTOME_SIGNALING_BY_ERBB2","C2","CP:REACTOME",50,"ERBB; RB","Signaling by ERBB2",""
TRUE,"REACTOME_SIGNALING_BY_ERBB2_ECD_MUTANTS","C2","CP:REACTOME",16,"ERBB; RB","Signaling by ERBB2 ECD mutants",""
TRUE,"REACTOME_SIGNALING_BY_FGFR","C2","CP:REACTOME",89,"FGFR","Signaling by FGFR",""
TRUE,"REACTOME_SIGNALING_BY_HEDGEHOG","C2","CP:REACTOME",137,"HEDGEHOG","Signaling by Hedgehog",""
TRUE,"REACTOME_SIGNALING_BY_MODERATE_KINASE_ACTIVITY_BRAF_MUTANTS","C2","CP:REACTOME",45,"RAF","Signaling by moderate kinase activity BRAF mutants",""
TRUE,"REACTOME_SIGNALING_BY_PDGF","C2","CP:REACTOME",58,"PDGF","Signaling by PDGF",""
TRUE,"REACTOME_SIGNALING_BY_PDGFRA_TRANSMEMBRANE_JUXTAMEMBRANE_AND_KINASE_DOMAIN_MUTANTS","C2","CP:REACTOME",12,"PDGF; PDGFR","Signaling by PDGFRA transmembrane, juxtamembrane and kinase domain mutants",""
TRUE,"REACTOME_SIGNALLING_TO_ERKS","C2","CP:REACTOME",34,"ERK","Signalling to ERKs",""
TRUE,"REACTOME_SIGNALLING_TO_RAS","C2","CP:REACTOME",20,"RAS","Signalling to RAS",""
TRUE,"REACTOME_SLBP_DEPENDENT_PROCESSING_OF_REPLICATION_DEPENDENT_HISTONE_PRE_MRNAS","C2","CP:REACTOME",11,"REPLICATION","SLBP Dependent Processing of Replication-Dependent Histone Pre-mRNAs",""
TRUE,"REACTOME_TCF_DEPENDENT_SIGNALING_IN_RESPONSE_TO_WNT","C2","CP:REACTOME",222,"WNT","TCF dependent signaling in response to WNT",""
TRUE,"REACTOME_TELOMERE_C_STRAND_LAGGING_STRAND_SYNTHESIS","C2","CP:REACTOME",34,"TELOMERE","Telomere C-strand (Lagging Strand) Synthesis",""
TRUE,"REACTOME_TELOMERE_C_STRAND_SYNTHESIS_INITIATION","C2","CP:REACTOME",13,"TELOMERE","Telomere C-strand synthesis initiation",""
TRUE,"REACTOME_TELOMERE_EXTENSION_BY_TELOMERASE","C2","CP:REACTOME",23,"TELOMERE; RAS","Telomere Extension By Telomerase",""
TRUE,"REACTOME_TELOMERE_MAINTENANCE","C2","CP:REACTOME",112,"TELOMERE","Telomere Maintenance",""
TRUE,"REACTOME_THE_ROLE_OF_GTSE1_IN_G2_M_PROGRESSION_AFTER_G2_CHECKPOINT","C2","CP:REACTOME",66,"CHECKPOINT","The role of GTSE1 in G2/M progression after G2 checkpoint",""
TRUE,"REACTOME_TICAM1_TRAF6_DEPENDENT_INDUCTION_OF_TAK1_COMPLEX","C2","CP:REACTOME",11,"RAF","TICAM1,TRAF6-dependent induction of TAK1 complex",""
TRUE,"REACTOME_TP53_REGULATES_METABOLIC_GENES","C2","CP:REACTOME",84,"TP53","TP53 Regulates Metabolic Genes",""
TRUE,"REACTOME_TP53_REGULATES_TRANSCRIPTION_OF_ADDITIONAL_CELL_CYCLE_GENES_WHOSE_EXACT_ROLE_IN_THE_P53_PATHWAY_REMAIN_UNCERTAIN","C2","CP:REACTOME",21,"CELL_CYCLE; TP53","TP53 regulates transcription of additional cell cycle genes whose exact role in the p53 pathway remain uncertain",""
TRUE,"REACTOME_TP53_REGULATES_TRANSCRIPTION_OF_CASPASE_ACTIVATORS_AND_CASPASES","C2","CP:REACTOME",12,"TP53","TP53 Regulates Transcription of Caspase Activators and Caspases",""
TRUE,"REACTOME_TP53_REGULATES_TRANSCRIPTION_OF_CELL_CYCLE_GENES","C2","CP:REACTOME",49,"CELL_CYCLE; TP53","TP53 Regulates Transcription of Cell Cycle Genes",""
TRUE,"REACTOME_TP53_REGULATES_TRANSCRIPTION_OF_CELL_DEATH_GENES","C2","CP:REACTOME",44,"TP53","TP53 Regulates Transcription of Cell Death Genes",""
TRUE,"REACTOME_TP53_REGULATES_TRANSCRIPTION_OF_DEATH_RECEPTORS_AND_LIGANDS","C2","CP:REACTOME",12,"TP53","TP53 Regulates Transcription of Death Receptors and Ligands",""
TRUE,"REACTOME_TP53_REGULATES_TRANSCRIPTION_OF_GENES_INVOLVED_IN_CYTOCHROME_C_RELEASE","C2","CP:REACTOME",20,"TP53","TP53 Regulates Transcription of Genes Involved in Cytochrome C Release",""
TRUE,"REACTOME_TP53_REGULATES_TRANSCRIPTION_OF_GENES_INVOLVED_IN_G1_CELL_CYCLE_ARREST","C2","CP:REACTOME",14,"CELL_CYCLE; TP53","TP53 Regulates Transcription of Genes Involved in G1 Cell Cycle Arrest",""
TRUE,"REACTOME_TP53_REGULATES_TRANSCRIPTION_OF_GENES_INVOLVED_IN_G2_CELL_CYCLE_ARREST","C2","CP:REACTOME",18,"CELL_CYCLE; TP53","TP53 Regulates Transcription of Genes Involved in G2 Cell Cycle Arrest",""
TRUE,"REACTOME_TP53_REGULATES_TRANSCRIPTION_OF_SEVERAL_ADDITIONAL_CELL_DEATH_GENES_WHOSE_SPECIFIC_ROLES_IN_P53_DEPENDENT_APOPTOSIS_REMAIN_UNCERTAIN","C2","CP:REACTOME",14,"APOPTOS; TP53","TP53 regulates transcription of several additional cell death genes whose specific roles in p53-dependent apoptosis remain uncertain",""
TRUE,"REACTOME_TRAF3_DEPENDENT_IRF_ACTIVATION_PATHWAY","C2","CP:REACTOME",15,"RAF","TRAF3-dependent IRF activation pathway",""
TRUE,"REACTOME_TRAF6_MEDIATED_INDUCTION_OF_TAK1_COMPLEX_WITHIN_TLR4_COMPLEX","C2","CP:REACTOME",16,"RAF","TRAF6-mediated induction of TAK1 complex within TLR4 complex",""
TRUE,"REACTOME_TRAF6_MEDIATED_IRF7_ACTIVATION","C2","CP:REACTOME",30,"RAF","TRAF6 mediated IRF7 activation",""
TRUE,"REACTOME_TRAF6_MEDIATED_IRF7_ACTIVATION_IN_TLR7_8_OR_9_SIGNALING","C2","CP:REACTOME",13,"RAF","TRAF6 mediated IRF7 activation in TLR7/8 or 9 signaling",""
TRUE,"REACTOME_TRAF6_MEDIATED_NF_KB_ACTIVATION","C2","CP:REACTOME",25,"RAF","TRAF6 mediated NF-kB activation",""
TRUE,"REACTOME_TRANSCRIPTION_COUPLED_NUCLEOTIDE_EXCISION_REPAIR_TC_NER","C2","CP:REACTOME",76,"REPAIR","Transcription-Coupled Nucleotide Excision Repair (TC-NER)",""
TRUE,"REACTOME_TRANSLATION_OF_REPLICASE_AND_ASSEMBLY_OF_THE_REPLICATION_TRANSCRIPTION_COMPLEX","C2","CP:REACTOME",14,"REPLICATION","Translation of Replicase and Assembly of the Replication Transcription Complex",""
TRUE,"REACTOME_TRNA_MODIFICATION_IN_THE_MITOCHONDRION","C2","CP:REACTOME",11,"MITOCHON","tRNA modification in the mitochondrion",""
TRUE,"REACTOME_VEGFR2_MEDIATED_CELL_PROLIFERATION","C2","CP:REACTOME",19,"EGFR","VEGFR2 mediated cell proliferation",""
TRUE,"REACTOME_VEGFR2_MEDIATED_VASCULAR_PERMEABILITY","C2","CP:REACTOME",27,"EGFR","VEGFR2 mediated vascular permeability",""
TRUE,"REACTOME_WNT5A_DEPENDENT_INTERNALIZATION_OF_FZD2_FZD5_AND_ROR2","C2","CP:REACTOME",13,"WNT","WNT5A-dependent internalization of FZD2, FZD5 and ROR2",""
TRUE,"REACTOME_WNT5A_DEPENDENT_INTERNALIZATION_OF_FZD4","C2","CP:REACTOME",15,"WNT","WNT5A-dependent internalization of FZD4",""
TRUE,"WP_8Q1123_RB1CC1_COPY_NUMBER_VARIATION","C2","CP:WIKIPATHWAYS",16,"RB","8q11.23 (RB1CC1) copy number variation",""
TRUE,"WP_AEROBIC_GLYCOLYSIS_AUGMENTED","C2","CP:WIKIPATHWAYS",13,"GLYCOLYSIS","Aerobic glycolysis - augmented",""
TRUE,"WP_AKT_SIGNALING_AND_ARTD_FAMILY_MEMBERS","C2","CP:WIKIPATHWAYS",34,"AKT","AKT signaling and ARTD family members",""
TRUE,"WP_ARYL_HYDROCARBON_RECEPTOR_PATHWAY_WP2586","C2","CP:WIKIPATHWAYS",46,"RB","Aryl hydrocarbon receptor pathway",""
TRUE,"WP_ARYL_HYDROCARBON_RECEPTOR_PATHWAY_WP2873","C2","CP:WIKIPATHWAYS",45,"RB","Aryl hydrocarbon receptor pathway",""
TRUE,"WP_G1_TO_S_CELL_CYCLE_CONTROL","C2","CP:WIKIPATHWAYS",64,"CELL_CYCLE","G1 to S cell cycle control",""
TRUE,"WP_GLYCOLYSIS_AND_GLUCONEOGENESIS","C2","CP:WIKIPATHWAYS",45,"GLYCOLYSIS","Glycolysis and gluconeogenesis",""
TRUE,"WP_GLYCOLYSIS_IN_SENESCENCE","C2","CP:WIKIPATHWAYS",11,"SENESC; GLYCOLYSIS","Glycolysis in senescence",""
TRUE,"WP_HDAC6_INTERACTIONS_IN_THE_CENTRAL_NERVOUS_SYSTEM","C2","CP:WIKIPATHWAYS",113,"HDAC","HDAC6 interactions in the central nervous system",""
TRUE,"WP_INFLUENCE_OF_LAMINOPATHIES_ON_WNT_SIGNALING","C2","CP:WIKIPATHWAYS",37,"WNT","Influence of laminopathies on Wnt signaling",""
TRUE,"WP_OMEGA3FATTY_ACIDS_IN_SENESCENCE","C2","CP:WIKIPATHWAYS",32,"SENESC","Omega-3-fatty acids in senescence",""
TRUE,"WP_OMEGA6FATTY_ACIDS_IN_SENESCENCE","C2","CP:WIKIPATHWAYS",57,"SENESC","Omega-6-fatty acids in senescence",""
TRUE,"WP_P38_MAPK_SIGNALING","C2","CP:WIKIPATHWAYS",35,"MAPK","p38 MAPK signaling",""
TRUE,"WP_PDGF_PATHWAY","C2","CP:WIKIPATHWAYS",40,"PDGF","PDGF pathway",""
TRUE,"WP_PHOSPHODIESTERASES_IN_NEURONAL_FUNCTION","C2","CP:WIKIPATHWAYS",55,"RAS","Phosphodiesterases in neuronal function",""
TRUE,"WP_PROSTAGLANDIN_AND_LEUKOTRIENE_METABOLISM_IN_SENESCENCE","C2","CP:WIKIPATHWAYS",34,"SENESC","Prostaglandin and leukotriene metabolism in senescence",""
TRUE,"WP_RELATIONSHIP_BETWEEN_INFLAMMATION_COX2_AND_EGFR","C2","CP:WIKIPATHWAYS",25,"EGFR","Relationship between inflammation, COX-2 and EGFR",""
TRUE,"WP_RIOK1_AND_RIOK2_IN_EGFR_AND_PI3KMEDIATED_TUMORIGENESIS","C2","CP:WIKIPATHWAYS",15,"EGFR; PI3K","RIOK1 and RIOK2 in EGFR- and PI3K-mediated tumorigenesis",""
TRUE,"WP_RNAPOLYMERASE_II_TRANSCRIPTION_THE_PREINITIATION_COMPLEX","C2","CP:WIKIPATHWAYS",69,"RAS","RNA-polymerase II transcription: the preinitiation complex",""
TRUE,"WP_SENESCENCEASSOCIATED_SECRETORY_PHENOTYPE_SASP","C2","CP:WIKIPATHWAYS",112,"SENESC","Senescence-associated secretory phenotype (SASP)",""
TRUE,"WP_TCA_CYCLE_IN_SENESCENCE","C2","CP:WIKIPATHWAYS",10,"SENESC","TCA cycle in senescence",""
TRUE,"WP_TNFRELATED_WEAK_INDUCER_OF_APOPTOSIS_TWEAK_SIGNALING","C2","CP:WIKIPATHWAYS",42,"APOPTOS","TNF-related weak inducer of apoptosis (TWEAK) signaling",""
TRUE,"WP_TRANSCRIPTION_ACTIVATION_RNAPOLYMERASE_I_AND_KAT2AB_AND_INHIBITION_NURD_COMPLEX","C2","CP:WIKIPATHWAYS",80,"RAS","Transcription activation (RNA-polymerase I and KAT2A/B) and inhibition (NuRD complex)",""
TRUE,"WP_TRANSSULFURATION_ONECARBON_METABOLISM_AND_RELATED_PATHWAYS","C2","CP:WIKIPATHWAYS",69,"RB","Trans-sulfuration, one-carbon metabolism and related pathways",""
TRUE,"WP_UNFOLDED_PROTEIN_RESPONSE","C2","CP:WIKIPATHWAYS",24,"UNFOLDED","Unfolded protein response",""
TRUE,"WP_WNTBETACATENIN_SIGNALING_AND_ARTD_FAMILY_MEMBERS","C2","CP:WIKIPATHWAYS",15,"WNT","Wnt/Beta-catenin signaling and ARTD family members",""
TRUE,"HALLMARK_APOPTOSIS","H","",161,"APOPTOS","Genes mediating programmed cell death (apoptosis) by activation of caspases.",""
TRUE,"HALLMARK_G2M_CHECKPOINT","H","",200,"CHECKPOINT","Genes involved in the G2/M checkpoint, as in progression through the cell division cycle.",""
TRUE,"HALLMARK_GLYCOLYSIS","H","",200,"GLYCOLYSIS","Genes encoding proteins involved in glycolysis and gluconeogenesis.",""
TRUE,"HALLMARK_HEDGEHOG_SIGNALING","H","",36,"HEDGEHOG","Genes up-regulated by activation of hedgehog signaling.",""
TRUE,"HALLMARK_MITOTIC_SPINDLE","H","",199,"MITOT; SPINDLE","Genes important for mitotic spindle assembly.",""
TRUE,"HALLMARK_MTORC1_SIGNALING","H","",200,"MTOR","Genes up-regulated through activation of mTORC1 complex.",""
TRUE,"HALLMARK_PI3K_AKT_MTOR_SIGNALING","H","",105,"PI3K; AKT; MTOR","Genes up-regulated by activation of the PI3K/AKT/mTOR pathway.",""
TRUE,"HALLMARK_UNFOLDED_PROTEIN_RESPONSE","H","",113,"UNFOLDED","Genes up-regulated during unfolded protein response, a cellular stress response related to the endoplasmic reticulum.",""
TRUE,"HALLMARK_WNT_BETA_CATENIN_SIGNALING","H","",42,"WNT","Genes up-regulated by activation of WNT signaling through accumulation of beta catenin CTNNB1 [GeneID=1499].",""
